"mu_star","epsilon","method","cov_joint","cov_joint_se","cov_mu","cov_mu_se","cov_sigma","cov_sigma_se","width_mu","width_mu_se","width_sigma","width_sigma_se","area","area_se"
1,0.1,"Mahalanobis (Repro)",0.94,0.023868,0.98,0.014071,0.98,0.014071,4.312723,0.147446,4.735538,0.067892,14.715914,0.428889
1,0.1,"Efficient (mu-interest)",0.94,0.023868,0.97,0.017145,0.99,0.01,3.97151,0.144449,4.878628,0.021372,16.818131,0.637773
1,0.1,"PB-ADI",0.54,0.050091,0.82,0.038612,0.64,0.048242,3.988072,0.144889,3.548392,0.337438,16.019266,1.753846
1,0.2,"Mahalanobis (Repro)",0.94,0.023868,0.99,0.01,0.98,0.014071,2.787581,0.094634,4.187373,0.109176,7.019655,0.323103
1,0.2,"Efficient (mu-interest)",0.95,0.021904,0.95,0.021904,0.99,0.01,1.959598,0.086651,4.8265,0.038024,7.679384,0.334547
1,0.2,"PB-ADI",0.81,0.039428,0.93,0.025643,0.86,0.034874,2.157058,0.107366,2.381184,0.166284,6.205254,0.601142
1,0.5,"Mahalanobis (Repro)",0.95,0.021904,0.99,0.01,0.97,0.017145,0.928156,0.029579,1.560133,0.047799,0.892769,0.0643
1,0.5,"Efficient (mu-interest)",0.97,0.017145,0.99,0.01,1,0,0.758245,0.021686,3.605517,0.094875,1.814968,0.099023
1,0.5,"PB-ADI",0.93,0.025643,0.95,0.021904,0.98,0.014071,0.656868,0.028287,1.132187,0.036191,0.834549,0.079813
1,1,"Mahalanobis (Repro)",0.98,0.014071,1,0,0.99,0.01,0.673178,0.009651,0.827395,0.011754,0.337071,0.010156
1,1,"Efficient (mu-interest)",0.99,0.01,0.99,0.01,1,0,0.567708,0.008405,1.782875,0.029255,0.64297,0.021023
1,1,"PB-ADI",0.94,0.023868,0.96,0.019695,0.98,0.014071,0.466586,0.008414,0.583513,0.010866,0.279769,0.010458
1.5,0.1,"Mahalanobis (Repro)",0.96,0.019695,0.98,0.014071,0.99,0.01,4.892001,0.163792,4.727795,0.07128,15.462492,0.433318
1.5,0.1,"Efficient (mu-interest)",0.96,0.019695,0.96,0.019695,1,0,4.41728,0.159776,4.9,0,18.656116,0.710267
1.5,0.1,"PB-ADI",0.6,0.049237,0.92,0.027266,0.61,0.049021,5.316959,0.23924,3.491439,0.324506,23.140447,2.495684
1.5,0.2,"Mahalanobis (Repro)",0.95,0.021904,0.99,0.01,0.99,0.01,2.385453,0.113164,3.946734,0.119513,6.343488,0.339744
1.5,0.2,"Efficient (mu-interest)",0.97,0.017145,0.99,0.01,1,0,1.648873,0.094098,4.890047,0.009953,6.27171,0.299095
1.5,0.2,"PB-ADI",0.9,0.030151,0.99,0.01,0.9,0.030151,1.749632,0.123262,2.178929,0.117129,5.017071,0.661639
1.5,0.5,"Mahalanobis (Repro)",0.97,0.017145,0.99,0.01,0.99,0.01,0.756291,0.01461,1.352931,0.032268,0.708227,0.036996
1.5,0.5,"Efficient (mu-interest)",0.99,0.01,0.99,0.01,1,0,0.633342,0.011728,3.776551,0.093082,1.59905,0.072005
1.5,0.5,"PB-ADI",0.96,0.019695,0.97,0.017145,0.99,0.01,0.531326,0.012054,0.983932,0.024626,0.547176,0.028066
1.5,1,"Mahalanobis (Repro)",0.98,0.014071,1,0,0.99,0.01,0.610098,0.007629,0.750247,0.010216,0.300277,0.008008
1.5,1,"Efficient (mu-interest)",0.98,0.014071,0.99,0.01,1,0,0.522175,0.006392,1.711646,0.029293,0.573833,0.016965
1.5,1,"PB-ADI",0.94,0.023868,0.97,0.017145,0.97,0.017145,0.43732,0.006296,0.529393,0.008679,0.235889,0.007031
2,0.1,"Mahalanobis (Repro)",0.96,0.019695,1,0,1,0,4.300612,0.140788,4.738494,0.069381,14.695337,0.409388
2,0.1,"Efficient (mu-interest)",0.99,0.01,0.99,0.01,1,0,3.931613,0.146039,4.9,0,16.754174,0.611219
2,0.1,"PB-ADI",0.57,0.049757,0.91,0.028762,0.57,0.049757,6.824756,0.234896,3.766144,0.35133,30.344916,3.076088
2,0.2,"Mahalanobis (Repro)",0.96,0.019695,0.99,0.01,1,0,2.817018,0.094447,4.199617,0.108802,7.06785,0.323208
2,0.2,"Efficient (mu-interest)",0.97,0.017145,0.98,0.014071,1,0,2.038784,0.093763,4.880094,0.019906,8.099441,0.357009
2,0.2,"PB-ADI",0.83,0.037753,0.97,0.017145,0.85,0.035887,3.298531,0.245727,2.328059,0.136753,10.177301,1.136694
2,0.5,"Mahalanobis (Repro)",0.98,0.014071,0.99,0.01,1,0,0.992306,0.031923,1.622678,0.047699,0.939575,0.0557
2,0.5,"Efficient (mu-interest)",0.97,0.017145,0.99,0.01,1,0,0.806091,0.021444,3.553652,0.093638,1.904933,0.101099
2,0.5,"PB-ADI",0.94,0.023868,0.95,0.021904,0.99,0.01,0.677271,0.023805,1.166469,0.034084,0.864691,0.059102
2,1,"Mahalanobis (Repro)",0.98,0.014071,0.99,0.01,1,0,0.691041,0.010743,0.852837,0.0138,0.355757,0.011138
2,1,"Efficient (mu-interest)",0.96,0.019695,0.99,0.01,1,0,0.589854,0.009433,1.805766,0.02788,0.671995,0.021719
2,1,"PB-ADI",0.93,0.025643,0.97,0.017145,0.96,0.019695,0.478317,0.008318,0.596854,0.010821,0.293013,0.0102
2.5,0.1,"Mahalanobis (Repro)",0.96,0.019695,1,0,1,0,3.467001,0.096088,4.751412,0.063939,12.855863,0.378071
2.5,0.1,"Efficient (mu-interest)",0.97,0.017145,0.98,0.014071,1,0,3.096656,0.113215,4.896164,0.003836,14.010325,0.478341
2.5,0.1,"PB-ADI",0.36,0.048242,0.74,0.044084,0.36,0.048242,7.711793,0.144993,4.30988,0.40722,35.10598,3.39521
2.5,0.2,"Mahalanobis (Repro)",0.96,0.019695,1,0,1,0,2.757432,0.062352,4.474711,0.089302,6.711548,0.260402
2.5,0.2,"Efficient (mu-interest)",0.97,0.017145,0.98,0.014071,0.99,0.01,2.503291,0.06814,4.778469,0.044064,10.508279,0.358231
2.5,0.2,"PB-ADI",0.61,0.049021,0.79,0.040936,0.68,0.046883,5.769027,0.27511,2.978914,0.266809,21.250789,2.14669
2.5,0.5,"Mahalanobis (Repro)",0.97,0.017145,1,0,1,0,1.830642,0.072729,2.611853,0.100907,2.012216,0.137345
2.5,0.5,"Efficient (mu-interest)",0.97,0.017145,0.98,0.014071,1,0,1.36491,0.057946,3.291184,0.087192,3.230369,0.212384
2.5,0.5,"PB-ADI",0.87,0.0338,0.88,0.03266,0.96,0.019695,1.677189,0.142615,1.662122,0.052627,3.428387,0.400131
2.5,1,"Mahalanobis (Repro)",0.97,0.017145,1,0,0.99,0.01,0.967779,0.028003,1.183906,0.027922,0.58165,0.027441
2.5,1,"Efficient (mu-interest)",0.92,0.027266,0.96,0.019695,0.97,0.017145,0.794704,0.022165,2.068948,0.029891,1.042776,0.048242
2.5,1,"PB-ADI",0.9,0.030151,0.93,0.025643,0.96,0.019695,0.677767,0.021304,0.837136,0.020907,0.609146,0.035945
3,0.1,"Mahalanobis (Repro)",0.97,0.017145,1,0,1,0,3.089949,0.052341,4.6463,0.058819,10.752701,0.359924
3,0.1,"Efficient (mu-interest)",0.95,0.021904,0.96,0.019695,0.99,0.01,2.574375,0.090508,4.880502,0.011661,11.708119,0.406319
3,0.1,"PB-ADI",0.19,0.039428,0.55,0.05,0.25,0.043519,7.823211,0.078336,3.936981,0.446342,31.371038,3.555574
3,0.2,"Mahalanobis (Repro)",0.96,0.019695,1,0,1,0,2.456477,0.055489,4.245606,0.081194,5.619912,0.216748
3,0.2,"Efficient (mu-interest)",0.94,0.023868,0.95,0.021904,0.99,0.01,2.295299,0.065047,4.532827,0.0731,9.323663,0.373578
3,0.2,"PB-ADI",0.4,0.049237,0.49,0.050242,0.48,0.050212,7.060241,0.151826,3.571543,0.343797,26.606099,2.578353
3,0.5,"Mahalanobis (Repro)",0.97,0.017145,1,0,1,0,2.175506,0.044899,3.172148,0.076682,2.445756,0.096888
3,0.5,"Efficient (mu-interest)",0.9,0.030151,0.93,0.025643,0.96,0.019695,1.728663,0.051255,3.585934,0.097176,4.259439,0.214077
3,0.5,"PB-ADI",0.73,0.04462,0.73,0.04462,0.85,0.035887,4.471297,0.269883,2.276825,0.135517,12.970752,1.20092
3,1,"Mahalanobis (Repro)",0.97,0.017145,1,0,1,0,1.770106,0.052133,2.081472,0.057745,1.331773,0.067626
3,1,"Efficient (mu-interest)",0.87,0.0338,0.88,0.03266,0.91,0.028762,1.443147,0.053752,2.493138,0.054813,2.162399,0.142877
3,1,"PB-ADI",0.82,0.038612,0.82,0.038612,0.97,0.017145,1.770766,0.134361,1.539132,0.054679,3.373354,0.385458
